,n_tweets,lag_1,roll_sum_3,roll_sum_7,momentum,last_burst,dow,is_weekend,cv_7,is_high_regime,is_regime_change,regime_intensity,spacex_launch_proximity,tesla_volatility_garch,event_magnitude,reply_momentum,news_sentiment_spike
2025-01-01 00:00:00+00:00,37,0.0,0.0,0.0,0.0,0,2,0,0.0,0,0,0.0,0,0.02,0,0,0
2025-01-02 00:00:00+00:00,98,37.0,0.0,0.0,0.0,0,3,0,0.0,0,0,0.7071067811865476,1,0.02,0,0,0
2025-01-03 00:00:00+00:00,112,98.0,247.0,0.0,0.0,0,4,0,0.0,0,0,0.7439173214853226,2,3.9726546126924407,0,0,0
2025-01-04 00:00:00+00:00,45,112.0,255.0,0.0,0.0,0,5,1,0.0,0,0,-0.7460259121629433,3,3.9726546126924407,0,0,0
2025-01-05 00:00:00+00:00,82,45.0,239.0,0.0,0.0,0,6,1,0.0,0,0,0.219833237642805,2,3.9726546126924407,0,0,0
2025-01-06 00:00:00+00:00,88,82.0,215.0,0.0,0.0,0,0,0,0.0,0,0,0.3693022202027883,1,4.235678433322458,0,0,0
2025-01-07 00:00:00+00:00,110,88.0,280.0,572.0,0.0,0,1,0,0.0,0,0,0.9455374632072681,0,4.126457705488949,0,0,0
2025-01-08 00:00:00+00:00,171,110.0,369.0,706.0,134.0,1,2,0,0.3660921535352926,1,1,1.8603544693710135,1,4.12244710468084,0,0,0
2025-01-09 00:00:00+00:00,90,171.0,371.0,698.0,-8.0,0,3,0,0.37921650262200635,0,1,-0.0650365914554191,2,4.12244710468084,0,0,0
2025-01-10 00:00:00+00:00,65,90.0,326.0,651.0,-47.0,0,4,0,0.385754130941175,0,0,-0.651639531477109,3,4.020497746637669,0,0,0
2025-01-11 00:00:00+00:00,50,65.0,205.0,656.0,5.0,0,5,1,0.4304658006022202,0,0,-0.9509803746148815,2,4.020497746637669,0,0,0
2025-01-12 00:00:00+00:00,53,50.0,168.0,627.0,-29.0,0,6,1,0.4168745143896074,0,0,-0.8106875897062495,1,4.020497746637669,0,0,0
2025-01-13 00:00:00+00:00,53,53.0,156.0,592.0,-35.0,0,0,0,0.468316895823506,0,0,-0.7609014664658201,0,3.925482259816576,0,0,0
2025-01-14 00:00:00+00:00,35,53.0,141.0,517.0,-75.0,0,1,0,0.5225431515809802,0,1,-1.1400451601854689,1,3.8595433614756245,0,0,0
2025-01-15 00:00:00+00:00,85,35.0,173.0,431.0,-86.0,0,2,0,0.6235314010147844,0,1,0.18593896541676833,2,3.796179032344704,0,0,0
2025-01-16 00:00:00+00:00,82,85.0,202.0,423.0,-8.0,0,3,0,0.32181512560246167,0,0,0.10000816426502565,3,4.069963048361218,0,0,0
2025-01-17 00:00:00+00:00,50,82.0,217.0,408.0,-15.0,0,4,0,0.2987684620492555,0,0,-0.7756128425527478,2,4.041086876509804,0,0,0
2025-01-18 00:00:00+00:00,37,50.0,169.0,395.0,-13.0,0,5,1,0.31413372132543577,0,1,-1.0795580195209813,1,4.041086876509804,0,0,0
2025-01-19 00:00:00+00:00,26,37.0,113.0,368.0,-27.0,0,6,1,0.35233558168520945,0,0,-1.2919022044488813,0,4.041086876509804,0,0,0
2025-01-20 00:00:00+00:00,36,26.0,99.0,351.0,-17.0,0,0,0,0.4380313408610844,0,1,-0.9615215820433343,1,4.041086876509804,0,0,0
2025-01-21 00:00:00+00:00,69,36.0,131.0,385.0,34.0,0,1,0,0.4757749457583612,0,0,-0.03428814330463703,2,3.9913225529951273,0,0,0
2025-01-22 00:00:00+00:00,34,69.0,139.0,334.0,-51.0,0,2,0,0.4312835605977502,0,0,-0.9941012154051788,3,3.9011126065844874,0,0,0
2025-01-23 00:00:00+00:00,73,34.0,176.0,325.0,-9.0,1,3,0,0.43167451059343687,0,0,0.1254518769408622,2,3.8442136689486217,0,0,0
2025-01-24 00:00:00+00:00,61,73.0,168.0,336.0,11.0,0,4,0,0.39301193702354376,0,0,-0.22302302046220376,1,3.7647652640601255,0,0,0
2025-01-25 00:00:00+00:00,23,61.0,157.0,322.0,-14.0,0,5,1,0.397110512652661,0,1,-1.290001051838253,0,3.7647652640601255,0,0,0
2025-01-26 00:00:00+00:00,22,23.0,106.0,318.0,-4.0,0,6,1,0.45738358950897096,0,0,-1.2520609157662843,1,3.7647652640601255,0,0,0
2025-01-27 00:00:00+00:00,18,22.0,63.0,300.0,-18.0,0,0,0,0.47804258757015305,0,0,-1.298219124351407,2,3.701713337469987,0,0,0
2025-01-28 00:00:00+00:00,35,18.0,75.0,266.0,-34.0,0,1,0,0.5592587687022621,0,1,-0.7858613554910784,3,3.665952560433706,0,0,0
2025-01-29 00:00:00+00:00,80,35.0,133.0,312.0,46.0,1,2,0,0.5540916385036404,0,0,0.47535821160655384,2,3.5946531485057758,0,0,0
2025-01-30 00:00:00+00:00,41,80.0,156.0,280.0,-32.0,0,3,0,0.5868973961291436,0,0,-0.6087204465990199,1,3.5655668034054226,0,0,0
2025-01-31 00:00:00+00:00,80,41.0,201.0,299.0,19.0,1,4,0,0.5740934883216611,0,0,0.5969077003247013,0,3.5473626343672864,0,0,0
2025-02-01 00:00:00+00:00,87,80.0,208.0,363.0,64.0,1,5,1,0.6246515193484308,0,0,0.760022375388102,1,3.5473626343672864,0,0,0
2025-02-02 00:00:00+00:00,78,87.0,245.0,419.0,56.0,1,6,1,0.570901884338529,0,0,0.4919761370840016,2,3.5473626343672864,0,0,0
2025-02-03 00:00:00+00:00,126,78.0,291.0,527.0,108.0,1,0,0,0.4627241218396305,1,1,1.8111064395728482,3,3.4896309394854588,0,0,0
2025-02-04 00:00:00+00:00,120,126.0,324.0,612.0,85.0,1,1,0,0.40432153834437073,1,0,1.6024432341707315,2,3.611772794699923,0,0,0
2025-02-05 00:00:00+00:00,97,120.0,343.0,629.0,17.0,0,2,0,0.32698932271999687,1,0,1.2396225594176598,1,3.5705330828257242,0,0,0
2025-02-06 00:00:00+00:00,54,97.0,271.0,642.0,13.0,0,3,0,0.31799416930545726,0,1,-0.1976003808753329,0,3.5944812573469775,0,0,0
2025-02-07 00:00:00+00:00,119,54.0,270.0,681.0,39.0,0,4,0,0.27343584966084866,1,1,1.8720495060564235,1,3.537166913550868,0,0,0
2025-02-08 00:00:00+00:00,84,119.0,257.0,678.0,-3.0,0,5,1,0.27077019767700833,0,1,0.6871218279316372,2,3.537166913550868,0,0,0
2025-02-09 00:00:00+00:00,139,84.0,342.0,739.0,61.0,0,6,1,0.2742265669101609,1,1,2.152176795823236,3,3.537166913550868,0,0,0
2025-02-10 00:00:00+00:00,173,139.0,396.0,786.0,47.0,1,0,0,0.2767487387417169,1,0,2.608357066803084,2,3.555691892736808,0,0,0
2025-02-11 00:00:00+00:00,140,173.0,452.0,806.0,20.0,0,1,0,0.3436826137196455,1,0,1.6150460668186464,1,3.556391175647111,0,0,0
2025-02-12 00:00:00+00:00,114,140.0,427.0,823.0,17.0,0,2,0,0.3471566596627689,0,1,0.9395515182705421,0,3.7538616926493282,0,0,0
2025-02-13 00:00:00+00:00,132,114.0,386.0,901.0,78.0,0,3,0,0.3333758997854592,1,1,1.2871755502499567,1,3.707383529354491,0,0,0
2025-02-14 00:00:00+00:00,49,132.0,295.0,831.0,-70.0,0,4,0,0.21313124024115715,0,1,-0.6440677146626251,2,3.820697344047127,0,0,0
2025-02-15 00:00:00+00:00,92,49.0,273.0,839.0,8.0,0,5,1,0.3451859856364798,0,0,0.31542715411019356,3,3.820697344047127,0,0,0
2025-02-16 00:00:00+00:00,14,92.0,155.0,714.0,-125.0,0,6,1,0.3332933169714698,0,1,-1.4949176881193487,2,3.820697344047127,0,0,0
2025-02-17 00:00:00+00:00,126,14.0,232.0,667.0,-47.0,0,0,0,0.5396908185938355,1,1,1.0354269495494641,1,3.820697344047127,0,0,0
2025-02-18 00:00:00+00:00,99,126.0,239.0,626.0,-41.0,0,1,0,0.4959890959642044,0,1,0.38284005340368993,0,3.7389766732318788,0,0,0
2025-02-19 00:00:00+00:00,116,99.0,341.0,628.0,2.0,0,2,0,0.48259823221255665,0,0,0.7199620189021374,1,3.665257041867233,0,0,0
2025-02-20 00:00:00+00:00,103,116.0,318.0,599.0,-29.0,0,3,0,0.48324549450538595,0,0,0.3880910861095798,2,3.6107539769375308,0,0,0
2025-02-21 00:00:00+00:00,111,103.0,330.0,661.0,62.0,0,4,0,0.46612222201361264,0,0,0.5350192587809961,3,3.565562063297911,0,0,0
2025-02-22 00:00:00+00:00,140,111.0,354.0,709.0,48.0,0,5,1,0.39401200016295873,1,1,1.1443539639407994,2,3.565562063297911,0,0,0
2025-02-23 00:00:00+00:00,90,140.0,341.0,785.0,76.0,0,6,1,0.40402072473557965,0,1,-0.12485480661601925,1,3.565562063297911,0,0,0
2025-02-24 00:00:00+00:00,132,90.0,362.0,791.0,6.0,0,0,0,0.15145491458887453,0,0,0.8989337522967967,0,3.648578263812769,0,0,0
2025-02-25 00:00:00+00:00,176,132.0,398.0,868.0,77.0,1,1,0,0.1586351582271242,1,1,1.929443238390483,1,3.6120647960487817,0,0,0
2025-02-26 00:00:00+00:00,60,176.0,368.0,812.0,-56.0,0,2,0,0.22937842989238555,0,1,-1.1397452355535627,2,3.9792957101874946,0,0,0
2025-02-27 00:00:00+00:00,73,60.0,309.0,782.0,-30.0,0,3,0,0.32328544047112684,0,1,-0.8613668265046956,3,3.9837380945015943,0,0,0
2025-02-28 00:00:00+00:00,103,73.0,236.0,774.0,-8.0,0,4,0,0.36524643416274544,0,0,-0.06219921430972024,2,3.9497743362487783,0,0,0
2025-03-01 00:00:00+00:00,30,103.0,206.0,664.0,-110.0,0,5,1,0.37024390405395974,0,1,-1.8893420460974533,1,3.9497743362487783,0,0,0
2025-03-02 00:00:00+00:00,106,30.0,239.0,680.0,16.0,0,6,1,0.5083770179541891,0,1,0.0464588907088163,0,3.9497743362487783,0,0,0
2025-03-03 00:00:00+00:00,93,106.0,229.0,641.0,-39.0,0,0,0,0.4975524002589681,0,0,-0.262377338180487,1,3.938985172590742,0,0,0
2025-03-04 00:00:00+00:00,107,93.0,306.0,572.0,-69.0,0,1,0,0.5004713255752655,0,0,0.11619191855745369,2,3.901492549073569,0,0,0
2025-03-05 00:00:00+00:00,49,107.0,249.0,561.0,-11.0,0,2,0,0.35438231581394,0,1,-1.3151406624250799,3,3.9361103985292942,0,0,0
2025-03-06 00:00:00+00:00,74,49.0,230.0,562.0,1.0,0,3,0,0.3816379444030693,0,1,-0.7119715927612,2,3.8801809024592084,0,0,0
2025-03-07 00:00:00+00:00,59,74.0,182.0,518.0,-44.0,0,4,0,0.3805028848014368,0,1,-1.026630947611359,1,3.9858564235309704,0,0,0
2025-03-08 00:00:00+00:00,47,59.0,180.0,535.0,17.0,0,5,1,0.4001156394811255,0,0,-1.2612509270406982,0,3.9858564235309704,0,0,0
2025-03-09 00:00:00+00:00,90,47.0,196.0,519.0,-16.0,0,6,1,0.3383246415023875,0,1,-0.15996798432522805,1,3.9858564235309704,0,0,0
2025-03-10 00:00:00+00:00,72,90.0,209.0,498.0,-21.0,0,0,0,0.31558278209586255,0,0,-0.5605663187213785,2,3.894105764169818,0,0,0
2025-03-11 00:00:00+00:00,91,72.0,253.0,482.0,-16.0,0,1,0,0.30746724969115086,0,0,0.0,3,5.034755997939222,0,0,0
2025-03-12 00:00:00+00:00,71,91.0,234.0,504.0,22.0,0,2,0,0.26133393675921446,0,0,-0.5166536519783448,2,4.936471856643043,0,0,0
2025-03-13 00:00:00+00:00,75,71.0,237.0,505.0,1.0,0,3,0,0.2184282613349161,0,0,-0.3567569539229807,1,5.034361881448547,0,0,0
2025-03-14 00:00:00+00:00,45,75.0,191.0,491.0,-14.0,0,4,0,0.21835218949888086,0,1,-1.207858111327563,0,4.922079931900529,0,0,0
2025-03-15 00:00:00+00:00,61,45.0,181.0,505.0,14.0,0,5,1,0.26190157907127554,0,1,-0.7124097589937796,1,4.922079931900529,0,0,0
2025-03-16 00:00:00+00:00,55,61.0,161.0,470.0,-35.0,0,6,1,0.22242069799969214,0,0,-0.9887500316533875,2,4.922079931900529,0,0,0
2025-03-17 00:00:00+00:00,30,55.0,146.0,428.0,-42.0,0,0,0,0.2229783173619825,0,1,-1.6012542085410137,3,4.834047100876635,0,0,0
2025-03-18 00:00:00+00:00,59,30.0,144.0,396.0,-32.0,0,1,0,0.33041546882992623,0,1,-0.6984761675528711,2,4.803806065461452,0,0,0
2025-03-19 00:00:00+00:00,69,59.0,158.0,394.0,-2.0,0,2,0,0.27152825971444605,0,0,-0.36130037683643623,1,4.80275445632059,0,0,0
2025-03-20 00:00:00+00:00,116,69.0,244.0,435.0,41.0,1,3,0,0.2676231161974963,1,1,1.0152291710811432,0,4.7548536977007885,0,0,0
2025-03-21 00:00:00+00:00,33,116.0,218.0,423.0,-12.0,0,4,0,0.4326340689728116,0,1,-1.3232170660771931,1,4.61358903753606,0,0,0
2025-03-22 00:00:00+00:00,82,33.0,231.0,444.0,21.0,0,5,1,0.4715447918291046,0,1,0.1627773641861186,2,4.61358903753606,0,0,0
2025-03-23 00:00:00+00:00,71,82.0,186.0,460.0,16.0,0,6,1,0.46740972414853243,0,0,-0.15550712520687263,3,4.61358903753606,0,0,0
2025-03-24 00:00:00+00:00,59,71.0,212.0,489.0,29.0,0,0,0,0.44899593928805714,0,0,-0.47152998876385627,2,4.608175316349555,0,0,0
2025-03-25 00:00:00+00:00,85,59.0,215.0,515.0,26.0,0,1,0,0.3636882703819943,0,0,0.6374170470355968,1,5.118361526111155,0,0,0
2025-03-26 00:00:00+00:00,54,85.0,198.0,500.0,-15.0,0,2,0,0.34598905136642893,0,0,-0.6829081450051157,0,5.005241824051633,0,0,0
2025-03-27 00:00:00+00:00,66,54.0,205.0,450.0,-50.0,0,3,0,0.3711854882220839,0,0,-0.1588613375163036,1,4.999170216748552,0,0,0
2025-03-28 00:00:00+00:00,75,66.0,195.0,492.0,42.0,0,4,0,0.2770627835134676,0,0,0.27953933220160637,2,4.843658057133948,0,0,0
2025-03-29 00:00:00+00:00,57,75.0,198.0,467.0,-25.0,0,5,1,0.16299072685856816,0,0,-0.5948866676362616,3,4.843658057133948,0,0,0
2025-03-30 00:00:00+00:00,55,57.0,187.0,451.0,-16.0,0,6,1,0.1661749337690569,0,0,-0.6350427871225454,2,4.843658057133948,0,0,0
2025-03-31 00:00:00+00:00,53,55.0,165.0,445.0,-6.0,0,0,0,0.1814166423962384,0,0,-0.6777697418113807,1,4.761042099830734,0,0,0
2025-04-01 00:00:00+00:00,67,53.0,175.0,427.0,-18.0,0,1,0,0.194331140100585,0,0,0.11018297404673866,0,4.635737493362904,0,0,0
2025-04-02 00:00:00+00:00,36,67.0,156.0,409.0,-18.0,0,2,0,0.1374835587476416,0,1,-1.5232873629381654,1,4.558989658053872,0,0,0
2025-04-03 00:00:00+00:00,33,36.0,136.0,376.0,-33.0,0,3,0,0.21555217082287823,0,0,-1.5381514510699528,2,4.561198546640553,0,0,0
2025-04-04 00:00:00+00:00,32,33.0,101.0,333.0,-43.0,0,4,0,0.2828958911990085,0,0,-1.4754229283351887,3,4.589452270945749,0,0,0
2025-04-05 00:00:00+00:00,24,32.0,89.0,300.0,-33.0,0,5,1,0.28971846617448477,0,0,-1.7365190170419085,2,4.589452270945749,0,0,0
2025-04-06 00:00:00+00:00,14,24.0,70.0,259.0,-41.0,0,6,1,0.3628386030342594,0,0,-1.982105027468379,1,4.589452270945749,0,0,0
2025-04-07 00:00:00+00:00,22,14.0,60.0,228.0,-31.0,0,0,0,0.48044294147651995,0,0,-1.4897670545312627,0,4.988105387744935,0,0,0
2025-04-08 00:00:00+00:00,29,22.0,65.0,190.0,-38.0,0,1,0,0.5209829732711964,0,0,-1.1156408037275807,1,4.867528172639532,0,0,0
2025-04-09 00:00:00+00:00,26,29.0,77.0,180.0,-10.0,0,2,0,0.2809264451596383,0,0,-1.1572286016876576,2,4.83968646487455,0,0,0
2025-04-10 00:00:00+00:00,25,26.0,80.0,172.0,-8.0,0,3,0,0.2547289368637263,0,0,-1.1156531503375233,3,6.680699376805317,0,0,0
2025-04-11 00:00:00+00:00,44,25.0,95.0,184.0,12.0,1,4,0,0.2324369839447302,0,1,-0.304271110781974,2,6.621785379565882,0,0,0
2025-04-12 00:00:00+00:00,27,44.0,96.0,187.0,3.0,0,5,1,0.3463936764434782,0,0,-0.9624425863457258,1,6.621785379565882,0,0,0
2025-04-13 00:00:00+00:00,28,27.0,99.0,201.0,14.0,0,6,1,0.33877473135699937,0,0,-0.8679222214807379,0,6.621785379565882,0,0,0
2025-04-14 00:00:00+00:00,18,28.0,73.0,197.0,-4.0,0,0,0,0.2476592729284369,0,1,-1.2409989343503718,1,6.376565825407218,0,0,0
2025-04-15 00:00:00+00:00,29,18.0,75.0,197.0,0.0,0,1,0,0.27935697075351046,0,1,-0.7449565431904718,2,6.144292192398728,0,0,0
2025-04-16 00:00:00+00:00,21,29.0,68.0,192.0,-5.0,0,2,0,0.27935697075351046,0,0,-0.9939468104869658,3,5.925418948701673,0,0,0
2025-04-17 00:00:00+00:00,17,21.0,67.0,184.0,-8.0,0,3,0,0.30274114202413505,0,1,-1.1821739277582362,2,5.818665842167179,0,0,0
2025-04-18 00:00:00+00:00,20,17.0,58.0,160.0,-24.0,0,4,0,0.3498581943354638,0,0,-1.003440505457478,1,5.818665842167179,0,0,0
2025-04-19 00:00:00+00:00,26,20.0,63.0,159.0,-1.0,0,5,1,0.21937410968481547,0,1,-0.6750739274325213,0,5.818665842167179,0,0,0
2025-04-20 00:00:00+00:00,18,26.0,64.0,149.0,-10.0,0,6,1,0.21524998353199615,0,1,-1.002301530005996,1,5.818665842167179,0,0,0
2025-04-21 00:00:00+00:00,20,18.0,64.0,151.0,2.0,0,0,0,0.21308064250186137,0,1,-0.838293084789038,2,5.616760867657091,0,0,0
2025-04-22 00:00:00+00:00,45,20.0,83.0,167.0,16.0,1,1,0,0.20181478583912185,0,0,0.5761794290767033,3,5.5680240761422395,0,0,0
2025-04-23 00:00:00+00:00,24,45.0,89.0,170.0,3.0,0,2,0,0.408855329703277,0,0,-0.5860606925226126,2,5.460388904828468,0,0,0
2025-04-24 00:00:00+00:00,42,24.0,111.0,195.0,25.0,1,3,0,0.39830957687601054,0,0,0.5594299871253713,1,5.390803427516559,0,0,0
2025-04-25 00:00:00+00:00,51,42.0,117.0,226.0,31.0,1,4,0,0.3967322140993158,1,1,1.3298640372729806,0,5.259530979698757,0,0,0
2025-04-26 00:00:00+00:00,34,51.0,127.0,234.0,8.0,0,5,1,0.41351366614939,0,1,0.19409731996185123,1,5.259530979698757,0,0,0
2025-04-27 00:00:00+00:00,17,34.0,102.0,233.0,-1.0,0,6,1,0.39074725818288086,0,1,-1.0310203068928565,2,5.259530979698757,0,0,0
2025-04-28 00:00:00+00:00,25,17.0,76.0,238.0,5.0,0,0,0,0.39845650122136334,0,1,-0.34265761992044136,3,5.47983566006548,0,0,0
2025-04-29 00:00:00+00:00,23,25.0,65.0,216.0,-22.0,0,1,0,0.3689193671024885,0,0,-0.4832742872701343,2,5.296630813874118,0,0,0
2025-04-30 00:00:00+00:00,11,23.0,59.0,203.0,-13.0,0,2,0,0.3913246763063114,0,1,-1.615916494624372,1,5.140674005324593,0,0,0
2025-05-01 00:00:00+00:00,19,11.0,53.0,180.0,-23.0,0,3,0,0.48725329641900644,0,1,-0.7343956791572522,0,5.033018305843827,0,0,0
2025-05-02 00:00:00+00:00,49,19.0,79.0,178.0,-2.0,1,4,0,0.5152908803365619,1,1,2.1114954559018644,1,4.8779265954248645,0,0,0
2025-05-03 00:00:00+00:00,34,49.0,102.0,178.0,0.0,0,5,1,0.49632534300123554,0,1,0.6519072816942129,2,4.8779265954248645,0,0,0
2025-05-04 00:00:00+00:00,55,34.0,138.0,216.0,38.0,1,6,1,0.49632534300123554,1,1,2.2922041276219485,3,4.8779265954248645,0,0,0
2025-05-05 00:00:00+00:00,19,55.0,108.0,210.0,-6.0,0,0,0,0.5213560477126105,0,1,-0.8112755770760082,2,4.752291613706103,0,0,0
2025-05-06 00:00:00+00:00,29,19.0,103.0,216.0,6.0,0,1,0,0.5534404180183258,0,0,0.04916821679248548,1,4.643631017566599,0,0,0
2025-05-07 00:00:00+00:00,35,29.0,83.0,240.0,24.0,0,2,0,0.5293524807965589,0,0,0.5352593265785458,0,4.52740006140818,0,0,0
2025-05-08 00:00:00+00:00,27,35.0,91.0,248.0,8.0,0,3,0,0.4022865778779386,0,0,-0.15622648278343676,1,4.40003293939057,0,0,0
2025-05-09 00:00:00+00:00,22,27.0,84.0,221.0,-27.0,0,4,0,0.3554872494619255,0,0,-0.5324890004338445,2,4.3251803842054475,0,0,0
2025-05-10 00:00:00+00:00,37,22.0,86.0,224.0,3.0,0,5,1,0.37560195357424103,0,0,0.7511946105053462,3,4.3251803842054475,0,0,0
2025-05-11 00:00:00+00:00,41,37.0,100.0,210.0,-14.0,0,6,1,0.37543377689458857,1,1,1.037654733031816,2,4.3251803842054475,0,0,0
2025-05-12 00:00:00+00:00,37,41.0,115.0,228.0,18.0,0,0,0,0.26874192494329024,0,1,0.6434866963620302,1,4.318219291970056,0,0,0
2025-05-13 00:00:00+00:00,61,37.0,139.0,260.0,32.0,1,1,0,0.206606416023056,1,1,2.3265342085215015,0,4.426816824844491,0,0,0
2025-05-14 00:00:00+00:00,28,61.0,126.0,253.0,-7.0,0,2,0,0.33353790566705743,0,1,-0.22690019771026543,1,4.420990115658814,0,0,0
2025-05-15 00:00:00+00:00,28,28.0,117.0,254.0,1.0,0,3,0,0.35591416756891153,0,0,-0.26294417325223923,2,4.378200494390441,0,0,0
2025-05-16 00:00:00+00:00,35,28.0,91.0,267.0,13.0,0,4,0,0.3513876021525171,0,0,0.2524274357311897,3,4.272913825153508,0,0,0
2025-05-17 00:00:00+00:00,6,35.0,69.0,236.0,-31.0,0,5,1,0.29289411236014423,0,1,-1.8846488628055171,2,4.272913825153508,0,0,0
2025-05-18 00:00:00+00:00,22,6.0,63.0,217.0,-19.0,0,6,1,0.49089185740445784,0,1,-0.702624770667764,1,4.272913825153508,0,0,0
2025-05-19 00:00:00+00:00,20,22.0,48.0,200.0,-17.0,0,0,0,0.5391376832998594,0,0,-0.8539593366577439,0,4.180888808269523,0,0,0
2025-05-20 00:00:00+00:00,37,20.0,79.0,176.0,-24.0,0,1,0,0.5925439505499458,0,0,0.46179153961941694,1,4.107341741291757,0,0,0
2025-05-21 00:00:00+00:00,33,37.0,90.0,181.0,5.0,0,2,0,0.41614550740496775,0,0,0.1298758129715982,2,4.006974063210238,0,0,0
2025-05-22 00:00:00+00:00,16,33.0,86.0,169.0,-12.0,0,3,0,0.4197683260253993,0,1,-1.1018816268673455,3,3.9586117914319447,0,0,0
2025-05-23 00:00:00+00:00,11,16.0,60.0,145.0,-24.0,0,4,0,0.4719159040759574,0,0,-1.3913585218167568,2,3.884872309922929,0,0,0
2025-05-24 00:00:00+00:00,27,11.0,54.0,166.0,21.0,0,5,1,0.5402543403611305,0,1,-0.13311803517389761,1,3.884872309922929,0,0,0
2025-05-25 00:00:00+00:00,18,27.0,56.0,162.0,-4.0,0,6,1,0.38932009447953536,0,0,-0.8368628843018212,0,3.884872309922929,0,0,0
2025-05-26 00:00:00+00:00,13,18.0,58.0,155.0,-7.0,0,0,0,0.4094908691719245,0,1,-1.1632357277932017,1,3.884872309922929,0,0,0
2025-05-27 00:00:00+00:00,23,13.0,54.0,141.0,-14.0,0,1,0,0.46087280902416133,0,1,-0.40401427375568083,2,3.801237600403639,0,0,0
2025-05-28 00:00:00+00:00,17,23.0,53.0,125.0,-16.0,0,2,0,0.39345192797868006,0,0,-0.8924659975284365,3,3.9853900592042533,0,0,0
2025-05-29 00:00:00+00:00,19,17.0,59.0,128.0,3.0,0,3,0,0.3108354334156209,0,0,-0.7377350505885217,2,3.9114498570558367,0,0,0
2025-05-30 00:00:00+00:00,27,19.0,63.0,144.0,16.0,0,4,0,0.3007220585697471,0,0,-0.06103226319960896,1,3.823744925037116,0,0,0
2025-05-31 00:00:00+00:00,18,27.0,64.0,135.0,-9.0,0,5,1,0.2570069993922985,0,0,-0.7426633705436545,0,3.823744925037116,0,0,0
2025-06-01 00:00:00+00:00,49,18.0,94.0,166.0,31.0,1,6,1,0.23326473614435408,1,1,1.851378954342998,1,3.823744925037116,0,0,0
2025-06-02 00:00:00+00:00,31,49.0,98.0,184.0,18.0,0,0,0,0.5064422636301891,0,1,0.30515488163964893,2,3.81448153897151,0,0,0
2025-06-03 00:00:00+00:00,66,31.0,146.0,227.0,43.0,1,1,0,0.42744026803136337,1,1,2.68370051737421,3,3.742458996569413,0,0,0
2025-06-04 00:00:00+00:00,37,66.0,134.0,247.0,20.0,0,2,0,0.5713471274330582,0,1,0.5895986019485011,2,3.666333142130396,0,0,0
2025-06-05 00:00:00+00:00,95,37.0,198.0,323.0,76.0,1,3,0,0.4888737310956034,1,1,3.4082792560940827,1,3.68002923128432,0,0,0
2025-06-06 00:00:00+00:00,34,95.0,166.0,330.0,7.0,0,4,0,0.5775217958032932,0,1,0.12650141520996372,0,4.723093634721485,0,0,0
2025-06-07 00:00:00+00:00,11,34.0,140.0,323.0,-7.0,0,5,1,0.5500758219156135,0,1,-1.0375559682481064,1,4.723093634721485,0,0,0
2025-06-08 00:00:00+00:00,31,11.0,76.0,305.0,-18.0,0,6,1,0.5925079739668869,0,1,0.0340246165281835,2,4.723093634721485,0,0,0
2025-06-09 00:00:00+00:00,29,31.0,71.0,303.0,-2.0,0,0,0,0.6395908169686209,0,0,-0.056839268723783386,3,4.6426591234349095,0,0,0
2025-06-10 00:00:00+00:00,21,29.0,81.0,258.0,-45.0,0,1,0,0.6475126410591079,0,0,-0.4266952328344633,2,4.601992458096458,0,0,0
2025-06-11 00:00:00+00:00,27,21.0,77.0,248.0,-10.0,0,2,0,0.7351375775848265,0,0,-0.08971398256651086,1,4.618332897282483,0,0,0
2025-06-12 00:00:00+00:00,38,27.0,86.0,191.0,-57.0,0,3,0,0.7719396233976793,0,0,0.5019564625975148,0,4.485333432164168,0,0,0
2025-06-13 00:00:00+00:00,28,38.0,93.0,185.0,-6.0,0,4,0,0.32828797722241176,0,0,-0.03976509593954725,1,4.390245444473257,0,0,0
2025-06-14 00:00:00+00:00,16,28.0,82.0,190.0,5.0,0,5,1,0.3209585108967698,0,0,-0.7431242164003606,2,4.390245444473257,0,0,0
2025-06-15 00:00:00+00:00,22,16.0,66.0,181.0,-9.0,0,6,1,0.2600163358743399,0,0,-0.4020180187083919,3,4.390245444473257,0,0,0
2025-06-16 00:00:00+00:00,28,22.0,66.0,180.0,-1.0,0,0,0,0.27294532495096463,0,0,-0.07754315010665826,2,4.287550022412743,0,0,0
2025-06-17 00:00:00+00:00,25,28.0,75.0,184.0,4.0,0,1,0,0.2719575432853406,0,0,-0.22507432400091915,1,4.1803574052884045,0,0,0
2025-06-18 00:00:00+00:00,15,25.0,68.0,172.0,-12.0,0,2,0,0.254933210918054,0,0,-0.7536009654277375,0,4.163816653941199,0,0,0
2025-06-19 00:00:00+00:00,13,15.0,53.0,147.0,-25.0,0,3,0,0.32204964306424044,0,0,-0.8567730662198306,1,4.163816653941199,0,0,0
2025-06-20 00:00:00+00:00,21,13.0,49.0,140.0,-7.0,0,4,0,0.3011693009684266,0,0,-0.43170442481704147,2,4.073697237346069,0,0,0
2025-06-21 00:00:00+00:00,12,21.0,46.0,136.0,-4.0,0,5,1,0.27688746209728066,0,0,-0.9022938964763048,3,4.073697237346069,0,0,0
2025-06-22 00:00:00+00:00,34,12.0,67.0,148.0,12.0,1,6,1,0.31847658570159465,0,0,0.3074627169942146,2,4.073697237346069,0,0,0
2025-06-23 00:00:00+00:00,28,34.0,74.0,148.0,0.0,0,0,0,0.39328735705014906,0,0,-0.06365943989921728,1,3.975021782954362,0,0,0
2025-06-24 00:00:00+00:00,11,28.0,73.0,134.0,-14.0,0,1,0,0.39328735705014906,0,0,-0.9991864888338015,0,4.239089294483869,0,0,0
2025-06-25 00:00:00+00:00,19,11.0,58.0,138.0,4.0,0,2,0,0.46472828289374685,0,0,-0.5524689387049709,1,4.164061034740222,0,0,0
2025-06-26 00:00:00+00:00,25,19.0,55.0,150.0,12.0,0,3,0,0.44192998020095065,0,0,-0.22573737916650116,2,4.145087987777852,0,0,0
2025-06-27 00:00:00+00:00,16,25.0,60.0,145.0,-5.0,0,4,0,0.38937747086191354,0,0,-0.709076460693341,3,4.044496041199042,0,0,0
2025-06-28 00:00:00+00:00,26,16.0,67.0,159.0,14.0,0,5,1,0.41501734607437063,0,0,-0.1621834879088893,2,4.044496041199042,0,0,0
2025-06-29 00:00:00+00:00,10,26.0,52.0,135.0,-24.0,0,6,1,0.34451786929968203,0,0,-0.9975843924337234,1,4.044496041199042,0,0,0
2025-06-30 00:00:00+00:00,42,10.0,78.0,149.0,14.0,1,0,0,0.37833413401897054,0,0,0.798531369868081,0,3.9515552291489544,0,0,0
2025-07-01 00:00:00+00:00,38,42.0,90.0,176.0,27.0,1,1,0,0.518706997626473,0,0,0.6876585214979358,1,3.884297775354732,0,0,0
2025-07-02 00:00:00+00:00,13,38.0,93.0,170.0,-6.0,0,2,0,0.45950186002495685,0,0,-0.7984162865565451,2,3.9723446049969047,0,0,0
2025-07-03 00:00:00+00:00,18,13.0,69.0,163.0,-7.0,0,3,0,0.5058253501856455,0,0,-0.5752045607975335,3,4.0100408844686,0,0,0
2025-07-04 00:00:00+00:00,17,18.0,48.0,164.0,1.0,0,4,0,0.5367893656636373,0,0,-0.6305362393930505,2,4.0100408844686,0,0,0
2025-07-05 00:00:00+00:00,12,17.0,47.0,150.0,-14.0,0,5,1,0.5295992932977123,0,1,-1.1994365555179796,1,4.0100408844686,0,0,0
2025-07-06 00:00:00+00:00,40,12.0,69.0,180.0,30.0,1,6,1,0.6083736668516513,1,1,1.8152646668767312,0,4.0100408844686,0,0,0
2025-07-07 00:00:00+00:00,16,40.0,68.0,154.0,-26.0,0,0,0,0.5278557447284268,0,1,-0.6968613836284491,1,3.915839247503558,0,0,0
2025-07-08 00:00:00+00:00,22,16.0,78.0,138.0,-16.0,0,1,0,0.5371847848859392,0,0,-0.06095481776041477,2,4.100303581933657,0,0,0
2025-07-09 00:00:00+00:00,9,22.0,47.0,134.0,-4.0,0,2,0,0.4836289284344828,0,1,-1.336681782702462,3,4.007038930545804,0,0,0
2025-07-10 00:00:00+00:00,33,9.0,64.0,149.0,15.0,1,3,0,0.5279554076365436,1,1,1.1959240708233771,2,3.916480325828278,0,0,0
2025-07-11 00:00:00+00:00,32,33.0,74.0,164.0,15.0,1,4,0,0.5327016062546208,1,0,1.0600173423623598,1,3.946952264733826,0,0,0
2025-07-12 00:00:00+00:00,7,32.0,72.0,159.0,-5.0,0,5,1,0.5037412085932456,0,1,-1.4739273372384853,0,3.946952264733826,0,0,0
2025-07-13 00:00:00+00:00,31,7.0,70.0,150.0,-9.0,0,6,1,0.560184034209119,0,1,0.9065805410464429,1,3.946952264733826,0,0,0
2025-07-14 00:00:00+00:00,40,31.0,78.0,174.0,24.0,1,0,0,0.5146447894026177,1,1,1.6743184869588743,2,3.862276230555151,0,0,0
2025-07-15 00:00:00+00:00,27,40.0,98.0,179.0,5.0,0,1,0,0.5096289549576124,0,1,0.43528524527444024,3,3.7823383807264066,0,0,0
2025-07-16 00:00:00+00:00,29,27.0,96.0,199.0,20.0,0,2,0,0.49355257572189837,0,0,0.5787306185619628,2,3.729605870969941,0,0,0
2025-07-17 00:00:00+00:00,30,29.0,86.0,196.0,-3.0,0,3,0,0.36207648779258844,0,0,0.6219534088067802,1,3.7208682016228725,0,0,0
2025-07-18 00:00:00+00:00,34,30.0,93.0,198.0,2.0,0,4,0,0.36187343222787716,0,0,0.9447055978125397,0,3.6504447634956945,0,0,0
2025-07-19 00:00:00+00:00,6,34.0,70.0,197.0,-1.0,0,5,1,0.36382337129266673,0,1,-1.624046827710694,1,3.6504447634956945,0,0,0
2025-07-20 00:00:00+00:00,36,6.0,76.0,202.0,5.0,0,6,1,0.37795960343119755,1,1,1.1066167476894453,2,3.6504447634956945,0,0,0
2025-07-21 00:00:00+00:00,30,36.0,72.0,192.0,-10.0,0,0,0,0.3819374572956909,0,1,0.5531937051277263,3,3.636951541405815,0,0,0
2025-07-22 00:00:00+00:00,31,30.0,97.0,196.0,4.0,0,1,0,0.3620572208011634,0,0,0.5908628918400022,2,3.5693941668130513,0,0,0
2025-07-23 00:00:00+00:00,34,31.0,95.0,201.0,5.0,0,2,0,0.3577376000313547,0,0,0.8123845854206798,1,3.5103276489801436,0,0,0
2025-07-24 00:00:00+00:00,15,34.0,80.0,186.0,-15.0,0,3,0,0.35782870918112863,0,0,-0.8839847650660868,0,3.450035409017775,0,0,0
2025-07-25 00:00:00+00:00,23,15.0,72.0,175.0,-11.0,0,4,0,0.43121497211883325,0,0,-0.1860365396607746,1,3.8269619987289296,0,0,0
2025-07-26 00:00:00+00:00,20,23.0,58.0,189.0,14.0,0,5,1,0.4406056437828926,0,0,-0.4390442318031992,2,3.8269619987289296,0,0,0
2025-07-27 00:00:00+00:00,26,20.0,69.0,179.0,-10.0,0,6,1,0.28847707272958406,0,0,0.05732527934268953,3,3.8269619987289296,0,0,0
2025-07-28 00:00:00+00:00,25,26.0,71.0,174.0,-5.0,0,0,0,0.2621931606226967,0,0,0.02126105528729413,2,3.810768157260267,0,0,0
2025-07-29 00:00:00+00:00,17,25.0,68.0,160.0,-14.0,0,1,0,0.25804533701890014,0,0,-0.7151931397889252,1,3.7773827199533945,0,0,0
2025-07-30 00:00:00+00:00,44,17.0,86.0,170.0,10.0,1,2,0,0.2783414419976623,1,1,1.833673982284492,0,3.7123348570316,0,0,0
2025-07-31 00:00:00+00:00,10,44.0,71.0,165.0,-5.0,0,3,0,0.39474635250285256,0,1,-1.4021468853071095,1,3.642193388740656,0,0,0
2025-08-01 00:00:00+00:00,26,10.0,80.0,168.0,3.0,0,4,0,0.44687124407912204,0,1,0.07834511091241793,2,3.6503842731844283,0,0,0
2025-08-02 00:00:00+00:00,46,26.0,82.0,194.0,26.0,1,5,1,0.44030187455965364,1,1,1.8047916174954983,3,3.6503842731844283,0,0,0
2025-08-03 00:00:00+00:00,64,46.0,136.0,232.0,38.0,1,6,1,0.47537400460637647,1,0,2.8803643973440543,2,3.6503842731844283,0,0,0
2025-08-04 00:00:00+00:00,38,64.0,148.0,245.0,13.0,0,0,0,0.5710027529498783,0,1,0.7834986165112059,1,3.6050953940807884,0,0,0
2025-08-05 00:00:00+00:00,83,38.0,185.0,311.0,66.0,1,1,0,0.5322267431484922,1,1,3.228258909857273,0,3.563548479260587,0,0,0
2025-08-06 00:00:00+00:00,29,83.0,150.0,296.0,-15.0,0,2,0,0.5389186470841971,0,1,-0.12192068155856331,1,3.5002195272184466,0,0,0
2025-08-07 00:00:00+00:00,75,29.0,187.0,361.0,65.0,1,3,0,0.5829146902916247,1,1,2.3810753663253026,2,3.5168986009741503,0,0,0
2025-08-08 00:00:00+00:00,45,75.0,149.0,380.0,19.0,0,4,0,0.4385955192680109,0,1,0.6712898097146137,3,3.4581634020416323,0,0,0
2025-08-09 00:00:00+00:00,61,45.0,181.0,395.0,15.0,0,5,1,0.36899078754449444,1,1,1.45021770240186,2,3.4581634020416323,0,0,0
2025-08-10 00:00:00+00:00,62,61.0,168.0,393.0,-2.0,0,6,1,0.3508468630861522,1,0,1.390793468209633,1,3.4581634020416323,0,0,0
2025-08-11 00:00:00+00:00,100,62.0,223.0,455.0,62.0,1,0,0,0.3506129882763619,1,0,2.77489401621946,0,3.4308175591248853,0,0,0
2025-08-12 00:00:00+00:00,101,100.0,263.0,473.0,18.0,1,1,0,0.3646078112380201,1,0,2.3962321569358447,1,3.423037231029215,0,0,0
2025-08-13 00:00:00+00:00,50,101.0,251.0,494.0,21.0,0,2,0,0.3959852125037996,0,1,0.3399414775137199,2,3.369919999500211,0,0,0
2025-08-14 00:00:00+00:00,76,50.0,227.0,495.0,1.0,0,3,0,0.31967573051536774,1,1,1.2736278809417307,3,3.3223121498908186,0,0,0
2025-08-15 00:00:00+00:00,46,76.0,172.0,496.0,1.0,0,4,0,0.3195369570994134,0,1,0.09563026085416217,2,3.2871996667250674,0,0,0
2025-08-16 00:00:00+00:00,59,46.0,181.0,494.0,-2.0,0,5,1,0.3162496169789531,0,0,0.5463674841697557,1,3.2871996667250674,0,0,0
2025-08-17 00:00:00+00:00,13,59.0,118.0,445.0,-49.0,0,6,1,0.31978039761111693,0,1,-1.237877707821351,0,3.2871996667250674,0,0,0
2025-08-18 00:00:00+00:00,14,13.0,86.0,359.0,-86.0,0,0,0,0.4955145353219361,0,0,-1.1531693670709453,1,3.2624773698896563,0,0,0
2025-08-19 00:00:00+00:00,35,14.0,62.0,293.0,-66.0,0,1,0,0.6180078654882856,0,1,-0.35325326757508013,2,3.2307075754398364,0,0,0
2025-08-20 00:00:00+00:00,48,35.0,97.0,291.0,-2.0,0,2,0,0.5516355129068906,0,0,0.12816890116164714,3,3.2168098363711763,0,0,0
2025-08-21 00:00:00+00:00,44,48.0,127.0,259.0,-32.0,0,3,0,0.5528909540593802,0,0,-0.067877665635375,2,3.20140977664319,0,0,0
2025-08-22 00:00:00+00:00,24,44.0,116.0,237.0,-22.0,0,4,0,0.4738087853082782,0,0,-0.8623117921385018,1,3.176819165285012,0,0,0
2025-08-23 00:00:00+00:00,25,24.0,93.0,203.0,-34.0,0,5,1,0.5204318228410564,0,0,-0.8354401176961644,0,3.176819165285012,0,0,0
2025-08-24 00:00:00+00:00,21,25.0,70.0,211.0,8.0,0,6,1,0.47614517648754,0,0,-0.9815370997208509,1,3.176819165285012,0,0,0
2025-08-25 00:00:00+00:00,16,21.0,62.0,213.0,2.0,0,0,0,0.415875089449864,0,1,-1.1520257733494015,2,3.3905553344529475,0,0,0
2025-08-26 00:00:00+00:00,51,16.0,88.0,229.0,16.0,1,1,0,0.3983884601993525,0,1,0.1746720837324349,3,3.3596617522488073,0,0,0
2025-08-27 00:00:00+00:00,25,51.0,92.0,206.0,-23.0,0,2,0,0.4407524915220407,0,0,-0.8294313388078441,2,3.3215129339876333,0,0,0
2025-08-28 00:00:00+00:00,15,25.0,91.0,177.0,-29.0,0,3,0,0.43818579015133075,0,1,-1.2442983030596528,1,3.2790360605897977,0,0,0
2025-08-29 00:00:00+00:00,70,15.0,110.0,223.0,46.0,1,4,0,0.4771586988501939,0,1,0.8879437704011067,0,3.245872484411014,0,0,0
2025-08-30 00:00:00+00:00,105,70.0,190.0,303.0,80.0,1,5,1,0.6495125222191919,1,1,2.0192234227444708,1,3.245872484411014,0,0,0
2025-08-31 00:00:00+00:00,95,105.0,270.0,377.0,74.0,1,6,1,0.7866909687718826,1,0,1.5450593359867522,2,3.245872484411014,0,0,0
2025-09-01 00:00:00+00:00,60,95.0,260.0,421.0,44.0,0,0,0,0.6927851844810416,0,1,0.2911588538716037,3,3.245872484411014,0,0,0
2025-09-02 00:00:00+00:00,57,60.0,212.0,427.0,6.0,0,1,0,0.5548254980007473,0,0,0.22340683414520068,2,3.2977811699206847,0,0,0
2025-09-03 00:00:00+00:00,28,57.0,145.0,430.0,3.0,0,2,0,0.5437913559342926,0,0,-0.8170040461764546,1,3.269041054231732,0,0,0
2025-09-04 00:00:00+00:00,43,28.0,128.0,458.0,28.0,0,3,0,0.531411039070857,0,0,-0.24054305981453372,0,3.2375138147471154,0,0,0
2025-09-05 00:00:00+00:00,44,43.0,115.0,432.0,-26.0,0,4,0,0.4169676899944918,0,0,-0.2027856534976082,1,3.2066882183241194,0,0,0
2025-09-06 00:00:00+00:00,18,44.0,105.0,345.0,-87.0,0,5,1,0.45866445826620916,0,1,-1.0723757450502427,2,3.2066882183241194,0,0,0
2025-09-07 00:00:00+00:00,34,18.0,96.0,284.0,-61.0,0,6,1,0.5081537777580245,0,1,-0.46570464209125273,3,3.2066882183241194,0,0,0
2025-09-08 00:00:00+00:00,37,34.0,89.0,261.0,-23.0,0,0,0,0.37322282716165794,0,0,-0.29898639079430117,2,3.2521444092015477,0,0,0
2025-09-09 00:00:00+00:00,47,37.0,118.0,251.0,-10.0,0,1,0,0.3348784669633543,0,0,0.175477660205162,1,3.225319937736097,0,0,0
2025-09-10 00:00:00+00:00,42,47.0,126.0,265.0,14.0,0,2,0,0.2850578352724584,0,0,-0.024246201280548118,0,3.186161466068823,0,0,0
2025-09-11 00:00:00+00:00,15,42.0,104.0,237.0,-28.0,0,3,0,0.25855712313952883,0,1,-1.0954926227369544,1,3.1500443030376313,0,0,0
2025-09-12 00:00:00+00:00,25,15.0,82.0,218.0,-19.0,0,4,0,0.37337997536624506,0,1,-0.6276272674190069,2,3.354042997924151,0,0,0
2025-09-13 00:00:00+00:00,40,25.0,80.0,240.0,22.0,0,5,1,0.38950329752942586,0,0,0.04499018187048554,3,3.354042997924151,0,0,0
2025-09-14 00:00:00+00:00,58,40.0,123.0,264.0,24.0,1,6,1,0.3193780124160307,0,0,0.76744683354758,2,3.354042997924151,0,0,0
2025-09-15 00:00:00+00:00,25,58.0,123.0,252.0,-12.0,0,0,0,0.3748915770205661,0,0,-0.7150852565615076,1,3.636403777151762,0,0,0
2025-09-16 00:00:00+00:00,27,25.0,110.0,232.0,-20.0,0,1,0,0.41512058836036797,0,0,-0.6091553216648551,0,3.638094479763193,0,0,0
2025-09-17 00:00:00+00:00,30,27.0,82.0,220.0,-12.0,0,2,0,0.4342552086122811,0,0,-0.4461261742631505,1,3.612287149160046,0,0,0
2025-09-18 00:00:00+00:00,35,30.0,92.0,240.0,20.0,0,3,0,0.4412135780861717,0,0,-0.20951641930425996,2,3.549060501578382,0,0,0
2025-09-19 00:00:00+00:00,47,35.0,112.0,262.0,22.0,0,4,0,0.34498725150895526,0,0,0.2895535378917962,3,3.5193953958807533,0,0,0
2025-09-20 00:00:00+00:00,21,47.0,103.0,243.0,-19.0,0,5,1,0.31719983801012525,0,0,-0.8641860766759564,2,3.5193953958807533,0,0,0
2025-09-21 00:00:00+00:00,31,21.0,99.0,216.0,-27.0,0,6,1,0.38242093729859244,0,0,-0.4392127897854434,1,3.5193953958807533,0,0,0
2025-09-22 00:00:00+00:00,9,31.0,61.0,200.0,-16.0,0,0,0,0.2727031319420616,0,1,-1.3984534124730266,0,3.4850754555639822,0,0,0
2025-09-23 00:00:00+00:00,21,9.0,61.0,194.0,-6.0,0,1,0,0.412078067037463,0,1,-0.8111312399434351,1,3.446127712358004,0,0,0
2025-09-24 00:00:00+00:00,4,21.0,34.0,168.0,-26.0,0,2,0,0.43733501157970284,0,1,-1.4728537981742131,2,3.4193691056415965,0,0,0
2025-09-25 00:00:00+00:00,16,4.0,41.0,149.0,-19.0,0,3,0,0.6231453965048466,0,1,-0.9662101743299549,3,3.460132688007186,0,0,0
2025-09-26 00:00:00+00:00,17,16.0,37.0,119.0,-30.0,0,4,0,0.6735861496330142,0,0,-0.8608643079694023,2,3.5368632463384566,0,0,0
2025-09-27 00:00:00+00:00,19,17.0,52.0,117.0,-2.0,0,5,1,0.5161743757289409,0,0,-0.7774232518843412,1,3.5368632463384566,0,0,0
2025-09-28 00:00:00+00:00,34,19.0,70.0,120.0,3.0,1,6,1,0.5178057779499675,0,0,0.16520289351792425,0,3.5368632463384566,0,0,0
2025-09-29 00:00:00+00:00,8,34.0,61.0,119.0,-1.0,0,0,0,0.5548606765399426,0,1,-1.5233890789008422,1,3.5681286563455226,0,0,0
2025-09-30 00:00:00+00:00,45,8.0,87.0,143.0,24.0,1,1,0,0.5682892841642849,1,1,1.1582726898735376,2,3.5050559138894584,0,0,0
2025-10-01 00:00:00+00:00,48,45.0,101.0,187.0,44.0,1,2,0,0.7053352679082326,1,0,1.284259034217154,3,3.4453096538712167,0,0,0
2025-10-02 00:00:00+00:00,68,48.0,161.0,239.0,52.0,1,3,0,0.5838109419608165,1,0,2.381208649572277,2,3.453920935843202,0,0,0
2025-10-03 00:00:00+00:00,20,68.0,136.0,242.0,3.0,0,4,0,0.6170188725778601,0,1,-0.6476544532848127,1,3.5760513321039036,0,0,0
2025-10-04 00:00:00+00:00,24,20.0,112.0,247.0,5.0,0,5,1,0.5983845855270199,0,0,-0.40680044759790235,0,3.5760513321039036,0,0,0
2025-10-05 00:00:00+00:00,61,24.0,105.0,274.0,27.0,1,6,1,0.5707353374544109,1,1,1.8141056055348752,1,3.5760513321039036,0,0,0
2025-10-06 00:00:00+00:00,43,61.0,128.0,309.0,35.0,0,0,0,0.5701963472996531,0,1,0.6997721086043301,2,3.5270810955912975,0,0,0
2025-10-07 00:00:00+00:00,48,43.0,152.0,312.0,3.0,0,1,0,0.39873737246356333,0,0,0.9978156470575515,3,3.6400861866981993,0,0,0
2025-10-08 00:00:00+00:00,31,48.0,122.0,295.0,-17.0,0,2,0,0.3962667183544303,0,0,-0.004344068509767509,2,3.7016357064559458,0,0,0
2025-10-09 00:00:00+00:00,40,31.0,119.0,267.0,-28.0,0,3,0,0.4335362189769151,0,0,0.49557441069661623,1,3.6355013900058135,0,0,0
2025-10-10 00:00:00+00:00,41,40.0,112.0,288.0,21.0,0,4,0,0.3748937078260478,0,0,0.5211248862539346,0,3.571295386835648,0,0,0
2025-10-11 00:00:00+00:00,20,41.0,101.0,284.0,-4.0,0,5,1,0.28807589038550135,0,0,-0.7234041323817514,1,3.571295386835648,0,0,0
2025-10-12 00:00:00+00:00,25,20.0,86.0,248.0,-36.0,0,6,1,0.3172012144694399,0,0,-0.36278022253236986,2,3.571295386835648,0,0,0
2025-10-13 00:00:00+00:00,35,25.0,80.0,240.0,-8.0,0,0,0,0.2900797969322852,0,0,0.25748464525372794,3,3.67695053604419,0,0,0
2025-10-14 00:00:00+00:00,32,35.0,92.0,224.0,-16.0,0,1,0,0.28363954041862444,0,0,0.05294091329207699,2,3.7711351243541276,0,0,0
2025-10-15 00:00:00+00:00,26,32.0,93.0,219.0,-5.0,0,2,0,0.23799290955824573,0,0,-0.3239320309692741,1,3.7100202827909077,0,0,0
2025-10-16 00:00:00+00:00,18,26.0,76.0,197.0,-22.0,0,3,0,0.2541811354051504,0,0,-0.7908195327028655,0,3.644478357362407,0,0,0
2025-10-17 00:00:00+00:00,22,18.0,66.0,178.0,-19.0,0,4,0,0.29403674707474775,0,0,-0.4878243157281801,1,3.591517708773735,0,0,0
2025-10-18 00:00:00+00:00,62,22.0,102.0,220.0,42.0,1,5,1,0.2443874036171899,1,1,1.8770968720417351,2,3.591517708773735,0,0,0
2025-10-19 00:00:00+00:00,48,62.0,132.0,243.0,23.0,1,6,1,0.4661326145262399,0,1,0.9743471941922993,3,3.591517708773735,0,0,0
2025-10-20 00:00:00+00:00,68,48.0,178.0,276.0,33.0,1,0,0,0.4471100776318738,1,1,1.9517666796771471,2,3.558366938108424,0,0,0
2025-10-21 00:00:00+00:00,34,68.0,150.0,278.0,2.0,0,1,0,0.5070047733795449,0,1,-0.010269268457717928,1,3.512438649085041,0,0,0
2025-10-22 00:00:00+00:00,23,34.0,125.0,275.0,-3.0,0,2,0,0.5005905454471968,0,0,-0.7178982974305055,0,3.462139864517693,0,0,0
2025-10-23 00:00:00+00:00,23,23.0,80.0,280.0,5.0,0,3,0,0.5155648965304322,0,0,-0.7440646360554383,1,3.411802496214445,0,0,0
2025-10-24 00:00:00+00:00,19,23.0,65.0,277.0,-3.0,0,4,0,0.48626981536317204,0,0,-0.9990843079395026,2,3.3879454326250102,0,0,0
2025-10-25 00:00:00+00:00,35,19.0,77.0,250.0,-27.0,0,5,1,0.5039087055646235,0,0,-0.04722734221430407,3,3.3879454326250102,0,0,0
2025-10-26 00:00:00+00:00,16,35.0,70.0,218.0,-32.0,0,6,1,0.4848972399728968,0,1,-1.1713156907247535,2,3.3879454326250102,0,0,0
2025-10-27 00:00:00+00:00,16,16.0,67.0,166.0,-52.0,0,0,0,0.5700268076157073,0,0,-1.220856812152028,1,3.420857589790901,0,0,0
2025-10-28 00:00:00+00:00,60,16.0,92.0,192.0,26.0,1,1,0,0.3335630891543842,1,1,1.462149512328499,0,3.478491965045485,0,0,0
2025-10-29 00:00:00+00:00,47,60.0,123.0,216.0,24.0,1,2,0,0.5744770417760628,0,1,0.6757423840591961,1,3.4375852730691268,0,0,0
2025-10-30 00:00:00+00:00,12,47.0,119.0,205.0,-11.0,0,3,0,0.5567502586259919,0,1,-1.3874366157387426,2,3.382560811892765,0,0,0
2025-10-31 00:00:00+00:00,37,12.0,96.0,223.0,18.0,0,4,0,0.6307727650920218,0,1,0.16076761034699458,3,3.4832411546820903,0,0,0
2025-11-01 00:00:00+00:00,7,37.0,56.0,195.0,-28.0,0,5,1,0.5665980356510533,0,1,-1.6508988736123478,2,3.4832411546820903,0,0,0
2025-11-02 00:00:00+00:00,16,7.0,60.0,195.0,0.0,0,6,1,0.7255156788237952,0,0,-1.0355588314274453,1,3.4832411546820903,0,0,0
2025-11-03 00:00:00+00:00,49,16.0,72.0,228.0,33.0,1,0,0,0.7255156788237952,1,1,1.0365876518401136,0,3.506639744860562,0,0,0
2025-11-04 00:00:00+00:00,29,49.0,94.0,197.0,-31.0,0,1,0,0.6393186425129602,0,1,-0.18045771302421007,1,3.484015221705023,0,0,0
2025-11-05 00:00:00+00:00,12,29.0,90.0,162.0,-35.0,0,2,0,0.6024662937617341,0,1,-1.1906351699347695,2,3.605313315471522,0,0,0
2025-11-06 00:00:00+00:00,14,12.0,55.0,164.0,2.0,0,3,0,0.6728489446991527,0,1,-0.9949436723128604,3,3.629670956708425,0,0,0
2025-11-07 00:00:00+00:00,27,14.0,53.0,154.0,-10.0,0,4,0,0.655178126885834,0,0,-0.16788249175703715,2,3.644365178888923,0,0,0
2025-11-08 00:00:00+00:00,23,27.0,64.0,170.0,16.0,0,5,1,0.6502807192083283,0,0,-0.42340584744013776,1,3.644365178888923,0,0,0
2025-11-09 00:00:00+00:00,20,23.0,70.0,174.0,4.0,0,6,1,0.5228570258061279,0,0,-0.5954671967382004,0,3.644365178888923,0,0,0
2025-11-10 00:00:00+00:00,19,20.0,62.0,144.0,-30.0,0,0,0,0.4967636485465526,0,0,-0.6186458844485001,1,3.6658860966883147,0,0,0
2025-11-11 00:00:00+00:00,28,19.0,67.0,143.0,-1.0,0,1,0,0.30597614151588637,0,0,-0.0570701831976964,2,3.6690104846571407,0,0,0
2025-11-12 00:00:00+00:00,44,28.0,91.0,175.0,32.0,1,2,0,0.29756593747752885,0,0,0.8742146801128291,3,3.6102210404516875,0,0,0
2025-11-13 00:00:00+00:00,54,44.0,126.0,215.0,40.0,1,3,0,0.386436713231715,1,1,1.3641069661599452,2,3.5738854554371793,0,0,0
2025-11-14 00:00:00+00:00,59,54.0,157.0,247.0,32.0,1,4,0,0.4309965979260527,1,0,1.5173743706854952,1,3.7930457352098723,0,0,0
2025-11-15 00:00:00+00:00,18,59.0,131.0,242.0,-5.0,0,5,1,0.4758305181330956,0,1,-0.7475759336468195,0,3.7930457352098723,0,0,0
2025-11-16 00:00:00+00:00,39,18.0,116.0,261.0,19.0,0,6,1,0.5059523211647846,0,0,0.5248302145875667,1,3.7930457352098723,0,0,0
2025-11-17 00:00:00+00:00,11,39.0,68.0,253.0,-8.0,0,0,0,0.43679281202724396,0,1,-1.1313220942732956,2,3.7139769158703824,0,0,0
2025-11-18 00:00:00+00:00,35,11.0,85.0,260.0,7.0,0,1,0,0.49736451762058853,0,1,0.43991243779423356,3,3.644900485549907,0,0,0
2025-11-19 00:00:00+00:00,19,35.0,65.0,235.0,-25.0,0,2,0,0.4749026683213076,0,0,-0.5963001311347206,2,3.6011890218158786,0,0,0
2025-11-20 00:00:00+00:00,22,19.0,76.0,203.0,-32.0,0,3,0,0.5518970124566112,0,0,-0.3979573452619808,1,3.536036227350484,0,0,0
2025-11-21 00:00:00+00:00,13,22.0,54.0,157.0,-46.0,0,4,0,0.5683556466701654,0,0,-0.9596519764017567,0,3.508967738153372,0,0,0
2025-11-22 00:00:00+00:00,37,13.0,72.0,176.0,19.0,1,5,1,0.47594863930101644,0,0,0.5807948579351843,1,3.508967738153372,0,0,0
2025-11-23 00:00:00+00:00,37,37.0,87.0,174.0,-2.0,0,6,1,0.466336186356187,0,0,0.5357626357642012,2,3.508967738153372,0,0,0
2025-11-24 00:00:00+00:00,25,37.0,99.0,188.0,14.0,0,0,0,0.4565861978781585,0,0,-0.26405360942073713,3,3.4584168756428375,0,0,0
2025-11-25 00:00:00+00:00,68,25.0,130.0,221.0,33.0,1,1,0,0.3574135622836648,1,1,2.4258295408858395,2,3.680241983431797,0,0,0
2025-11-26 00:00:00+00:00,38,68.0,131.0,240.0,19.0,0,2,0,0.581707602646519,0,1,0.5745981582621627,1,3.608202580085818,0,0,0
2025-11-27 00:00:00+00:00,49,38.0,155.0,267.0,27.0,0,3,0,0.5129007015296714,1,1,1.1869676254443495,0,3.608202580085818,0,0,0
2025-11-28 00:00:00+00:00,42,49.0,129.0,296.0,29.0,0,4,0,0.4562170834400283,0,1,0.7258735635624823,1,3.555766911365707,0,0,0
2025-11-29 00:00:00+00:00,17,42.0,108.0,276.0,-20.0,0,5,1,0.31719596813503154,0,0,-0.8998068429424014,2,3.555766911365707,0,0,0
2025-11-30 00:00:00+00:00,37,17.0,96.0,276.0,0.0,0,6,1,0.418505708366454,0,0,0.35574692429728866,3,3.555766911365707,0,0,0
2025-12-01 00:00:00+00:00,30,37.0,84.0,281.0,5.0,0,0,0,0.418505708366454,0,0,-0.06285952495572161,2,3.495044495555302,0,0,0
2025-12-02 00:00:00+00:00,49,30.0,116.0,262.0,-19.0,0,1,0,0.3953008934996212,1,1,1.1453791301038716,1,3.4360584783626757,0,0,0
2025-12-03 00:00:00+00:00,25,49.0,104.0,249.0,-13.0,0,2,0,0.30103512605097016,0,1,-0.4827247768650555,0,3.3821135029237275,0,0,0
2025-12-04 00:00:00+00:00,58,25.0,132.0,258.0,9.0,1,3,0,0.34271722280956096,1,1,1.6146510099753337,1,3.4315323011564853,0,0,0
2025-12-05 00:00:00+00:00,49,58.0,132.0,265.0,7.0,0,4,0,0.3841578698845707,0,1,0.9516641009233869,2,3.4315323011564853,0,0,0
